Genes,Naive,Early Extra-GC,Late Extra-GC,GC
FOS,4.662581093201431,3.8416005411316028,4.981034824319975,9.210340371976182
KLF6,9.210340371976182,7.060476365999855,9.210340371976182,7.060476365999855
ELF1,7.060476365999855,9.210340371976182,6.3673291854399094,6.3673291854399094
SP2,5.451038453565708,4.757891273005763,7.060476365999855,4.981034824319975
SP1,6.3673291854399094,5.961864077331706,5.674182004879935,5.268716896771761
NFYA,3.9249821500706545,6.3673291854399094,4.352426164897598,3.728271855824597
JUN,5.961864077331706,5.268716896771761,4.116037386833365,5.961864077331706
ZFX,3.802379827978319,3.0174250981652513,5.961864077331706,4.287887643760023
SP3,4.981034824319975,3.882422535651856,4.757891273005763,5.674182004879935
NRF1,3.728271855824597,5.674182004879935,3.299276250306241,3.534115841383642
VEZF1,5.674182004879935,4.863251788663583,4.863251788663583,3.969433912641486
SP4,5.114566216944492,4.495527008538264,5.451038453565708,4.495527008538264
KLF12,5.268716896771761,5.114566216944492,4.495527008538264,4.863251788663583
CTCF,4.116037386833365,4.981034824319975,4.170104608103639,5.114566216944492
EGR1,4.863251788663583,4.227263021943591,4.015953928276382,3.5947404632000772
ELK4,4.757891273005763,3.7646394999954738,3.7646394999954738,4.352426164897598
ETS1,4.352426164897598,4.662581093201431,4.064744092445811,4.757891273005763
JUNB,3.882422535651856,3.2103287642897445,3.802379827978319,4.662581093201431
EGR2,4.064744092445811,3.6264891615146557,4.662581093201431,4.421419036384546
KLF10,4.421419036384546,4.575569716211806,3.3969147198701544,3.8416005411316028
NFYC,4.015953928276382,4.064744092445811,4.421419036384546,4.015953928276382
NFYB,3.0174250981652513,4.352426164897598,3.969433912641486,3.1892753550919104
ATF3,3.4495584533555768,4.287887643760023,2.94960250182649,3.422890206273417
KLF2,4.287887643760023,3.0351246752646515,2.298302431202045,1.5882056923283263
KLF9,4.170104608103639,2.7838102469837462,3.9249821500706545,2.606129069746294
SREBF2,3.0351246752646515,4.116037386833365,3.5947404632000772,3.2318349695107065
STAT3,3.322806747716434,2.6537571187355478,2.770016924851411,4.116037386833365
ZBTB17,2.966131803777702,3.1286507332754767,2.6537571187355478,3.9249821500706545
YY1,2.7429882524634914,3.9249821500706545,3.882422535651856,3.168656067889176
TCF12,3.148453360571655,3.728271855824597,3.2103287642897445,3.882422535651856
TCF7,3.0531431807673313,2.7166709441461183,3.728271855824597,3.346904299295493
ZBTB33,3.6931805360133287,3.6931805360133287,2.549616859482951,3.0531431807673313
KLF3,3.6592789843376488,2.3691284837706577,2.5718399962676615,2.617825109509485
BCL6,2.5945682473452174,1.8675195151095907,3.322806747716434,3.6592789843376488
FLI1,3.6264891615146557,3.4495584533555768,3.346904299295493,2.7564112727956314
E2F4,1.644375963795381,3.346904299295493,3.6264891615146557,3.476957427543693
MZF1,3.09018445244768,3.5947404632000772,2.6416357582032037,2.797796488958487
GABPA,3.5639688045333218,2.18527904279865,2.4453558491585423,3.505128304510388
PBX3,3.2538138762294833,1.8619793347339757,3.5639688045333218,3.2538138762294833
KLF13,2.4755088873292292,2.378345138875581,3.534115841383642,2.256455321266545
YBX1,3.2103287642897445,3.534115841383642,3.1092326474183736,3.0351246752646515
DNMT1,3.534115841383642,3.505128304510388,3.09018445244768,2.9333419809547108
ATF6B,3.505128304510388,2.9173416396082685,3.371596911885866,3.299276250306241
ELF4,2.5386877889507615,3.0714923194355266,3.505128304510388,2.69102851353278
CREM,3.476957427543693,3.476957427543693,2.855783746608835,2.9173416396082685
ELK3,3.1092326474183736,3.2318349695107065,3.476957427543693,3.0714923194355266
GTF2I,2.560666695669537,1.9305776510767276,3.4495584533555768,2.18527904279865
IRF3,2.6296595671564886,2.416085466858428,2.425747377770166,3.4495584533555768
CREB1,2.9333419809547108,3.422890206273417,2.840968660823695,2.982938922094082
IKZF1,3.422890206273417,2.6296595671564886,2.6784497313259195,2.8263698614025414
ELK1,3.346904299295493,2.6784497313259195,3.422890206273417,3.148453360571655
SATB1,3.299276250306241,2.50659947439926,2.8263698614025414,3.3969147198701544
ATF4,3.371596911885866,2.90159328264013,2.3242779176053063,2.8708216239733764
AHR,1.4732277075995517,3.371596911885866,1.9424825535830461,1.8675195151095907
REST,2.840968660823695,3.322806747716434,2.7564112727956314,3.0174250981652513
MAZ,2.7564112727956314,3.0531431807673313,2.3970372718877337,3.2762867320815405
HIF1A,2.5831395515215956,3.2762867320815405,2.8708216239733764,2.50659947439926
ELF2,3.2762867320815405,2.855783746608835,2.7166709441461183,2.72974302571347
MAF,1.6759813032107118,2.063264092235686,2.69102851353278,3.2103287642897445
RFX5,2.023523763586172,2.886089096104164,3.168656067889176,2.2729846232177553
ETV6,2.1260024328691096,2.5718399962676615,3.148453360571655,2.45530618001171
ZEB1,2.549616859482951,2.4755088873292292,1.8029809939720194,3.1286507332754767
LEF1,3.1286507332754767,2.840968660823695,2.4961281745319654,2.306886174893437
KLF7,2.94960250182649,3.09018445244768,2.5945682473452174,2.3970372718877337
KLF4,2.855783746608835,2.770016924851411,3.0531431807673313,3.09018445244768
ZSCAN22,3.0714923194355266,2.208446102080184,2.7838102469837462,1.6668488196474394
NFATC1,2.3876475315378953,2.256455321266545,3.0174250981652513,2.94960250182649
THAP11,3.0000333554533833,2.298302431202045,2.5171815837297977,2.3599960002073845
PAX5,2.224194459048323,2.982938922094082,2.5386877889507615,1.4510045708148414
ZSCAN30,2.617825109509485,2.966131803777702,1.966726165193039,2.770016924851411
HMGA1,2.7037675393102094,2.2813528728882715,2.606129069746294,2.966131803777702
TGIF1,1.7874768074360543,2.94960250182649,1.6623136644820482,1.8240344031698519
PRDM1,2.170127237778048,2.0042305606514934,2.9333419809547108,2.2401948003947645
SPIB,2.2321626286974996,2.69102851353278,2.9173416396082685,1.6267543624455614
SETDB1,2.9173416396082685,2.606129069746294,2.90159328264013,2.5278768728465453
FOSB,2.72974302571347,2.8708216239733764,2.50659947439926,2.90159328264013
TFDP1,2.8708216239733764,1.6137389943334912,2.2813528728882715,2.5386877889507615
NR4A2,2.289791741534137,1.7926182069364733,2.208446102080184,2.840968660823695
ZBTB6,2.3419774947047065,2.8263698614025414,1.7181421140349897,1.5152989215202388
MAX,2.8119811239504426,2.350946164687467,2.3599960002073845,2.17767444341343
EGR3,2.6784497313259195,2.8119811239504426,1.8843266334259718,2.0300384446073654
IRF1,2.45530618001171,2.45530618001171,2.6296595671564886,2.8119811239504426
NFE2L2,1.9014210667852722,2.797796488958487,1.7571714579407254,2.1117164756216327
BCL11A,2.7838102469837462,2.3876475315378953,1.9790720010153382,1.7277575727344323
SMAD4,1.9606099381756024,2.7429882524634914,1.5715386398431146,1.7038900913277886
BATF,2.3330885472874607,2.2162892795412104,1.9728800307674168,2.7429882524634914
RUNX1,2.090663066423801,2.4453558491585423,2.72974302571347,2.0837426235792265
RUNX3,1.563308140706599,2.72974302571347,1.8347296922865999,1.4364588598124626
RELA,2.18527904279865,1.9790720010153382,2.0300384446073654,2.7166709441461183
REL,2.606129069746294,2.3242779176053063,2.18527904279865,2.7037675393102094
CREB3,2.350946164687467,1.6805790124593416,2.350946164687467,2.6784497313259195
CUX1,2.378345138875581,2.0498410719035456,2.666027211327363,1.644375963795381
STAT2,1.8293677491452147,1.5674149226592529,2.306886174893437,2.6537571187355478
RBPJ,2.6416357582032037,1.5798374426578097,2.4653565158652118,2.4755088873292292
TFCP2,1.8134522938393147,2.1117164756216327,2.0498410719035456,2.6296595671564886
MEF2C,1.531047278488378,1.8401205409214765,2.617825109509485,1.5510880293718239
FOXJ3,2.298302431202045,2.5945682473452174,2.5831395515215956,2.5171815837297977
NFKB1,2.5718399962676615,1.6898383378721384,2.1626365660488895,2.5945682473452174
SREBF1,1.722938286298483,2.5831395515215956,1.8675195151095907,1.918812809497141
BHLHE40,2.1046493083985407,2.155201587561372,2.560666695669537,1.9545308920992206
JUND,2.4961281745319654,2.560666695669537,2.155201587561372,2.289791741534137
ATF2,2.1404954401716765,1.8293677491452147,1.907184771502022,2.560666695669537
NR3C1,2.0768697442914648,2.2006639616381296,1.9915721637795698,2.549616859482951
RFX3,2.256455321266545,2.549616859482951,1.7522086685985965,2.063264092235686
ATF1,2.5171815837297977,2.5278768728465453,2.0431965291848764,2.248292010627383
STAT6,2.43550355271553,2.224194459048323,2.5278768728465453,2.4453558491585423
ATF6,2.50659947439926,2.4961281745319654,2.3330885472874607,2.406516015842278
MEF2D,2.1626365660488895,2.306886174893437,2.170127237778048,2.4961281745319654
ZFP64,2.485765387496419,2.2321626286974996,1.6759813032107118,1.73260019721022
STAT1,2.425747377770166,1.5231420989812647,2.1929419155442185,2.485765387496419
IKZF3,2.0976317357398937,2.485765387496419,2.2401948003947645,2.298302431202045
NFATC2,1.818729350940159,2.0976317357398937,2.4755088873292292,2.2162892795412104
IRF2,1.6805790124593416,2.425747377770166,2.2162892795412104,2.208446102080184
FOXO1,2.406516015842278,2.2729846232177553,2.2321626286974996,2.0431965291848764
TFE3,1.924677928949539,2.406516015842278,1.7277575727344323,1.5592181554550741
MLX,2.3970372718877337,1.9424825535830461,2.224194459048323,2.0976317357398937
BACH1,1.503648304300263,2.3970372718877337,1.9978813329728342,2.3330885472874607
IRF8,1.8240344031698519,2.1046493083985407,2.0768697442914648,2.3876475315378953
NR2C2,1.9424825535830461,2.0700437792210646,2.378345138875581,1.9365123865965426
ARID5B,1.5715386398431146,1.7874768074360543,2.3691284837706577,2.0042305606514934
TGIF2,1.6311307370453605,2.3599960002073845,1.7038900913277886,1.600890851855642
USF1,2.3599960002073845,1.9728800307674168,2.0042305606514934,2.023523763586172
IRF7,1.7423563721555848,1.5075167810781838,1.9305776510767276,2.350946164687467
FOXJ2,1.5152989215202388,1.3500493486249312,2.3419774947047065,1.6180586554780074
IRF4,1.8455406083908155,1.918812809497141,2.2729846232177553,2.3242779176053063
SRF,2.315544237636551,2.023523763586172,1.6577989841275214,1.8899923709616495
MTF2,1.7977861770949155,1.924677928949539,1.73260019721022,2.315544237636551
IRF9,1.5470476198348186,1.411502127838595,1.7374663868613927,2.2813528728882715
ETV1,1.511400281104581,1.3600327926091147,2.2646858204030598,1.462054407001426
ZBED6,1.6714046361833004,1.4997947349842733,2.248292010627383,1.6623136644820482
NR4A1,2.248292010627383,1.8564696789230057,2.1260024328691096,2.056530060054342
MYC,2.2401948003947645,1.5840128140682908,2.023523763586172,2.0700437792210646
HSF1,2.0700437792210646,2.1404954401716765,1.818729350940159,2.2321626286974996
GTF3A,2.2162892795412104,2.0837426235792265,1.6898383378721384,2.1929419155442185
KLF16,2.2006639616381296,1.7977861770949155,1.5510880293718239,1.5192128208413749
PURA,2.1929419155442185,1.503648304300263,2.010620358750264,1.7423563721555848
TCF3,2.1478214802637488,2.17767444341343,1.7671715412753088,2.1404954401716765
SIX5,1.3940496778873688,1.3940496778873688,2.17767444341343,1.3871530988283083
ZBTB7A,2.1117164756216327,2.1626365660488895,1.484527262853485,1.9790720010153382
SMAD3,1.6223970570766058,1.6355263485183984,2.036595845153525,2.1478214802637488
MAFF,1.8347296922865999,1.8899923709616495,2.1478214802637488,1.878692815707716
E2F6,1.484527262853485,1.4256867628305516,2.1404954401716765,1.9606099381756024
FOXO3,2.133222680842596,2.010620358750264,1.9014210667852722,2.1260024328691096
MBD2,1.7671715412753088,2.1260024328691096,1.7133688352823322,1.7926182069364733
MEF2A,1.699184200290376,1.644375963795381,1.5390154481375544,2.1188339433904972
HINFP,1.4997947349842733,2.1188339433904972,1.6668488196474394,1.4959559586771076
GATA3,1.5798374426578097,1.9915721637795698,2.1117164756216327,2.0170512490805548
HIVEP2,1.7823617067692836,1.5192128208413749,2.090663066423801,1.8455406083908155
ZIC1,1.4221216966660553,2.090663066423801,1.366744227197101,1.3633828794943965
FOXK1,1.8899923709616495,2.0768697442914648,1.5152989215202388,1.7671715412753088
BPTF,1.8401205409214765,1.7038900913277886,2.063264092235686,1.411502127838595
KLF15,2.036595845153525,2.056530060054342,1.918812809497141,1.8401205409214765
FOXN3,2.056530060054342,1.6714046361833004,1.7086182325237342,1.7772726372618126
POU2F1,1.5192128208413749,1.7722093353052661,2.056530060054342,1.8029809939720194
CEBPZ,2.0498410719035456,1.9545308920992206,1.6267543624455614,1.7823617067692836
KLF1,2.0431965291848764,2.0300384446073654,1.9365123865965426,1.818729350940159
ATF7,2.0300384446073654,1.7823617067692836,1.699184200290376,1.8347296922865999
MTF1,1.9365123865965426,2.0170512490805548,1.7926182069364733,1.907184771502022
ETV2,1.411502127838595,1.722938286298483,1.4292645841784355,1.9978813329728342
NFAT5,1.9484885776432574,1.699184200290376,1.9484885776432574,1.9915721637795698
TP53,1.7621589994517648,1.465764986397962,1.985302550765974,1.6945003509779495
TFAP2A,1.7086182325237342,1.985302550765974,1.6094379124341003,1.699184200290376
ZFP14,1.9790720010153382,1.7772726372618126,1.7423563721555848,1.722938286298483
ZBTB37,1.8029809939720194,1.9606099381756024,1.7772726372618126,1.5840128140682908
PATZ1,1.9305776510767276,1.4328552523091642,1.9606099381756024,1.8730905601590457
TFDP2,1.9545308920992206,1.7277575727344323,1.85099021315838,1.85099021315838
GTF2B,1.6094379124341003,1.9484885776432574,1.511400281104581,1.6533045945396823
EGR4,1.462054407001426,1.9129818891863484,1.4583575451201003,1.4328552523091642
SALL2,1.7522086685985965,1.4400755002826509,1.462054407001426,1.9129818891863484
WT1,1.9129818891863484,1.7423563721555848,1.8293677491452147,1.7874768074360543
PAX6,1.907184771502022,1.7472703869580135,1.8730905601590457,1.3735010096599811
PRDM9,1.6180586554780074,1.907184771502022,1.600890851855642,1.555144830067438
TFAP2C,1.6267543624455614,1.9014210667852722,1.5840128140682908,1.6488303141447611
E2F1,1.5075167810781838,1.4510045708148414,1.8899923709616495,1.4437052683332299
PBX2,1.8843266334259718,1.8730905601590457,1.555144830067438,1.5075167810781838
RBAK,1.878692815707716,1.476980057218102,1.480746540013579,1.3500493486249312
TCF4,1.8619793347339757,1.8455406083908155,1.7823617067692836,1.4292645841784355
KLF5,1.85099021315838,1.6533045945396823,1.6399413667275153,1.6759813032107118
E2F3,1.6945003509779495,1.6851979583156358,1.6533045945396823,1.8293677491452147
ZSCAN10,1.480746540013579,1.8240344031698519,1.4150294683565634,1.3975158858638552
TFAP4,1.7571714579407254,1.33689126404742,1.3768965986611195,1.8134522938393147
KLF14,1.8082029379531714,1.531047278488378,1.7472703869580135,1.6577989841275214
CTCFL,1.555144830067438,1.3336286184126038,1.8082029379531714,1.5390154481375544
ARNT,1.5592181554550741,1.5510880293718239,1.7977861770949155,1.5270868772722808
XPA,1.7926182069364733,1.5350234268680172,1.5192128208413749,1.5924162248646696
RARA,1.6668488196474394,1.5270868772722808,1.7874768074360543,1.4221216966660553
THAP1,1.7038900913277886,1.7671715412753088,1.7621589994517648,1.3401645893923895
ZFP42,1.5924162248646696,1.7621589994517648,1.5924162248646696,1.5430234695350935
NANOG,1.4694893854889444,1.7522086685985965,1.3633828794943965,1.476980057218102
CEBPG,1.6851979583156358,1.6488303141447611,1.33689126404742,1.7472703869580135
KMT2A,1.73260019721022,1.40099415024018,1.4400755002826509,1.5798374426578097
TFEB,1.7277575727344323,1.511400281104581,1.5470476198348186,1.33689126404742
XBP1,1.5231420989812647,1.4883223338220364,1.722938286298483,1.6805790124593416
STAT4,1.7181421140349897,1.6223970570766058,1.5592181554550741,1.503648304300263
ZFP3,1.33689126404742,1.7086182325237342,1.4883223338220364,1.3940496778873688
MBNL2,1.6898383378721384,1.4292645841784355,1.5430234695350935,1.3533661012509255
MXD1,1.40099415024018,1.3905954430192813,1.6851979583156358,1.531047278488378
HBP1,1.4883223338220364,1.5470476198348186,1.3467435604904319,1.6851979583156358
ELF5,1.465764986397962,1.6759813032107118,1.3975158858638552,1.4583575451201003
ARNTL,1.6623136644820482,1.3701169116757406,1.4959559586771076,1.563308140706599
ZBTB18,1.6577989841275214,1.4221216966660553,1.4546742997038036,1.3467435604904319
NFATC3,1.6533045945396823,1.4959559586771076,1.5075167810781838,1.4185692950616875
ARID5A,1.6488303141447611,1.484527262853485,1.4185692950616875,1.6311307370453605
ERG,1.5756794325091463,1.4473482596117306,1.6355263485183984,1.6094379124341003
FOXP1,1.5840128140682908,1.5924162248646696,1.4221216966660553,1.6355263485183984
PRDM16,1.6137389943334912,1.3467435604904319,1.4256867628305516,1.4921318622387043
RORA,1.4400755002826509,1.563308140706599,1.3871530988283083,1.5350234268680172
LHX8,1.5430234695350935,1.4583575451201003,1.4997947349842733,1.480746540013579
ETV5,1.4959559586771076,1.3566938913436,1.531047278488378,1.484527262853485
TFAP2B,1.476980057218102,1.4732277075995517,1.3735010096599811,1.4997947349842733
CXXC1,1.3768965986611195,1.4044845551799485,1.3434486645935793,1.4883223338220364
FOXO4,1.3600327926091147,1.3533661012509255,1.4510045708148414,1.3905954430192813
NFE4,1.4185692950616875,1.3803037569827337,1.3533661012509255,1.3803037569827337
ZFP57,1.4150294683565634,1.3975158858638552,1.3701169116757406,1.4079871857311503
SOX17,1.3837225637315191,1.3871530988283083,1.3500493486249312,1.4044845551799485
ZFP82,2.966131803777702,1.2374304705167822,3.969433912641486,3.148453360571655
SOX4,3.6264891615146557,1.7823617067692836,1.33689126404742,2.72974302571347
POU2F2,1.8455406083908155,1.3600327926091147,3.2762867320815405,2.9173416396082685
NR2F6,3.2103287642897445,1.1523934278308698,1.6355263485183984,1.6714046361833004
FOSL2,2.9333419809547108,1.9365123865965426,1.8029809939720194,0.7913800822935394
RREB1,2.063264092235686,2.549616859482951,0.9490090264971226,2.010620358750264
HSF2,2.5386877889507615,1.9728800307674168,1.1578430325984346,1.9728800307674168
GFI1,0.8319653624086177,2.5386877889507615,1.596644560974191,1.3206834538205667
TBP,1.966726165193039,1.182740584220162,2.50659947439926,2.056530060054342
STAT5B,2.4755088873292292,2.315544237636551,2.2646858204030598,2.2813528728882715
POU2AF1,1.5430234695350935,1.73260019721022,2.289791741534137,2.43550355271553
FOXM1,1.7874768074360543,1.2583579906227382,2.3970372718877337,2.0498410719035456
MEOX1,1.0665149386932318,2.350946164687467,1.4400755002826509,0.7343268928447018
LIN54,1.9129818891863484,1.2705161951025477,2.3330885472874607,1.6577989841275214
MEF2B,2.3330885472874607,1.06402427738078,1.0273901442009994,1.056589298893262
HMG20A,2.023523763586172,2.056530060054342,2.3242779176053063,1.8564696789230057
FOSL1,2.306886174893437,1.0690118188918192,1.084125456701867,1.084125456701867
CEBPA,0.9401789470488505,1.5756794325091463,0.9077436712956967,2.2729846232177553
NFE2L1,1.4959559586771076,0.8008949019348781,2.248292010627383,1.465764986397962
SMAD1,1.878692815707716,1.107233031712017,1.7621589994517648,2.2162892795412104
MXI1,2.2006639616381296,0.7254221145017421,0.6585591692726154,1.2644186152344292
RORC,1.1415825117266545,1.9915721637795698,2.18527904279865,1.0866667541305397
ZBTB43,1.1255821703802134,2.155201587561372,0.6769697311157952,1.2140375909420769
ESRRA,0.9120080700821543,2.1404954401716765,1.5756794325091463,1.9606099381756024
HMG20B,2.133222680842596,1.8564696789230057,1.9790720010153382,1.6051552506420996
SMAD5,0.9098735975535216,2.0837426235792265,1.6488303141447611,2.090663066423801
DBP,1.9728800307674168,0.8299949184213191,2.0837426235792265,1.3940496778873688
IKZF2,1.7374663868613927,0.8783914592831693,1.9365123865965426,2.0768697442914648
ETS2,2.0768697442914648,1.8082029379531714,0.9056182719833833,1.5350234268680172
TCF7L2,1.0178435323174195,1.2828240427771442,2.0768697442914648,1.0467612099569994
POU3F1,1.16883215417403,1.1660735317349502,1.1176769908731001,2.0700437792210646
ZKSCAN1,1.5510880293718239,2.0700437792210646,1.4256867628305516,1.6399413667275153
CIC,1.182740584220162,1.7671715412753088,2.063264092235686,1.2828240427771442
NR1D1,2.056530060054342,1.484527262853485,1.7977861770949155,1.5798374426578097
FOXB1,0.7451183644774662,0.6803538291000357,2.056530060054342,1.2553413970833123
RARG,0.6786603485937028,0.8438702649149362,2.0431965291848764,0.6752819670020755
MGA,2.010620358750264,1.7977861770949155,1.5390154481375544,1.7823617067692836
ZSCAN16,1.7086182325237342,1.85099021315838,1.9915721637795698,1.3905954430192813
ARID3B,1.985302550765974,1.6051552506420996,0.9874318318993961,0.6702356989344512
PPARA,1.9790720010153382,1.8843266334259718,1.503648304300263,1.2256656289371957
POU5F1,1.6533045945396823,1.9790720010153382,1.1551145179452307,1.644375963795381
STAT5A,1.8401205409214765,1.9424825535830461,1.6851979583156358,1.7181421140349897
MAFG,0.7469283197227056,1.5674149226592529,1.3701169116757406,1.9305776510767276
MYNN,1.924677928949539,1.8293677491452147,1.7772726372618126,1.8240344031698519
NKX3-1,1.918812809497141,0.9556831335848157,0.9897386379973112,0.9646518035675762
VDR,0.6535963799304865,1.907184771502022,1.411502127838595,1.3047341524128888
FOXP3,1.476980057218102,1.9014210667852722,1.8730905601590457,1.0443192063014475
ZFP90,1.4883223338220364,1.4546742997038036,1.8564696789230057,1.1940083090665043
PLAG1,1.85099021315838,0.776342204928999,1.240393435647439,1.6945003509779495
ZBTB2,1.7571714579407254,0.7433116792525171,1.85099021315838,1.6759813032107118
RELB,1.6051552506420996,0.6585591692726154,1.6094379124341003,1.8401205409214765
EBF1,1.8029809939720194,0.8866902620978645,1.7086182325237342,1.6805790124593416
IKZF5,1.1578430325984346,1.4079871857311503,1.2984249832196242,1.7621589994517648
FOXD2,0.9624020838335609,1.0443192063014475,1.0297911057385378,1.7571714579407254
NFIC,0.924911474918062,1.7038900913277886,1.1605790124173094,1.3803037569827337
FOXC1,1.7038900913277886,1.6399413667275153,1.5430234695350935,1.555144830067438
MECP2,1.699184200290376,1.480746540013579,1.4044845551799485,1.596644560974191
NR4A3,1.5470476198348186,1.5192128208413749,1.699184200290376,1.3079037271741678
RUNX2,0.8887757685888857,0.916290731874155,1.6945003509779495,0.8742677420993072
ZFP69,1.6851979583156358,0.6820501823482144,0.6685592526071988,0.9966911573121928
ARID3A,1.5152989215202388,1.6488303141447611,1.0665149386932318,1.563308140706599
CDC5L,1.644375963795381,1.5152989215202388,1.4185692950616875,1.3239040685206092
HIVEP1,1.465764986397962,0.7271967378601105,1.6399413667275153,1.3871530988283083
IRF5,1.1883585765243854,1.6355263485183984,1.059061488038651,1.3735010096599811
FOXP2,0.8379000979284325,0.816309465336065,1.5715386398431146,1.6311307370453605
BACH2,1.6223970570766058,1.0273901442009994,1.5840128140682908,1.0107429107678434
PRDM6,1.4328552523091642,1.596644560974191,1.484527262853485,1.4437052683332299
PRRX1,1.3735010096599811,1.5924162248646696,1.465764986397962,1.4185692950616875
NR1H2,1.366744227197101,1.462054407001426,1.3110833800915476,1.5924162248646696
ZBTB48,1.5270868772722808,1.3533661012509255,1.563308140706599,1.5756794325091463
PBX4,1.3633828794943965,1.5715386398431146,0.7857143447578621,1.222745918833861
UBP1,1.4150294683565634,0.7800805270396062,1.5510880293718239,1.5674149226592529
NR1H3,1.059061488038651,1.5470476198348186,0.8202005208290315,1.0249949334750446
MYB,1.0968970223813548,1.0715149491099374,0.980543170904211,1.5390154481375544
SOX2,1.5350234268680172,1.3768965986611195,1.228593888716284,1.289035242869785
BBX,1.2523338760193572,1.1605790124173094,1.16883215417403,1.531047278488378
HSF5,1.0443192063014475,1.511400281104581,1.4959559586771076,0.8599671919571108
SPI1,0.9556831335848157,1.0492091915956392,1.4997947349842733,0.9314261559392559
CDX1,1.3239040685206092,1.4959559586771076,1.3905954430192813,1.4546742997038036
SNAI1,1.4921318622387043,0.7009024973274235,1.3401645893923895,0.8202005208290315
NR2E3,1.4732277075995517,1.411502127838595,1.3206834538205667,1.3467435604904319
RFX1,0.7596905713365568,1.465764986397962,1.3940496778873688,1.2984249832196242
HMBOX1,0.973701639087494,1.4328552523091642,0.9357929751055962,0.8319653624086177
THRB,1.4256867628305516,1.0178435323174195,1.1308872226099065,1.0036923527711763
NR5A2,0.971431490552955,1.1551145179452307,1.199690142533935,1.4256867628305516
ERF,0.7970781034081773,0.9401789470488505,1.4150294683565634,1.1150557573932258
POU3F3,1.3142731754596477,1.4044845551799485,1.3533661012509255,1.4079871857311503
NKX3-2,1.40099415024018,1.10463899653497,1.1388979463559854,1.174372334549645
PRDM4,1.136220568585269,1.0892145262093385,0.6702356989344512,1.3975158858638552
PKNOX1,0.7744782714909362,1.3905954430192813,1.056589298893262,1.0178435323174195
NFE2L3,0.9920507777556906,1.3837225637315191,1.2797328502074716,0.7451183644774662
ESR2,1.0370287730387684,0.6552479079689596,1.3768965986611195,0.8825322519492007
TCF7L1,1.3566938913436,1.2984249832196242,1.1715984076669201,1.2463458341747344
HOXD13,1.1911794528660264,1.3566938913436,1.2952852632149563,1.2859248204553928
HIVEP3,1.33689126404742,1.2523338760193572,1.146973360361531,1.2797328502074716
FOXD3,1.1715984076669201,1.2797328502074716,1.3303765830262266,1.2766511836700638
SOX15,0.9314261559392559,0.971431490552955,0.8825322519492007,1.3174731781903186
LCORL,0.9874318318993961,1.1255821703802134,1.3142731754596477,0.7487415568468866
ETV7,0.6519475749403028,0.6769697311157952,1.3079037271741678,0.6618814314645933
POU6F1,0.901380977507868,1.3015745921225204,0.8085724828339123,0.8241067757960965
SOX10,1.2952852632149563,1.1308872226099065,1.051663180557206,1.001353170418004
LCOR,1.112441376819155,1.0036923527711763,1.2859248204553928,1.243365206036597
FOXC2,1.0492091915956392,1.1578430325984346,1.2735789846330934,1.228593888716284
ZBTB20,1.2705161951025477,1.0249949334750446,0.969166483922103,0.9990194470717839
ZKSCAN2,1.2644186152344292,0.7307554604771046,0.770760795090804,1.0740243607153634
HDX,1.2493353730231007,0.9098735975535216,0.8701609601466538,1.1551145179452307
FOXL2,1.243365206036597,1.051663180557206,1.0131041869535231,0.9601574139797369
TEAD1,0.7800805270396062,0.6991738884268057,0.7183549472786496,1.240393435647439
ZBTB7B,0.9512287832354357,0.720117062272049,1.2374304705167822,0.757857390254896
HOXA9,1.1523934278308698,1.2344762586193507,1.1255821703802134,1.1578430325984346
FOXI1,1.015471051963789,1.0866667541305397,1.2315307483895939,1.1496797219592738
RFX7,0.9445842405167669,1.2256656289371957,1.1203051132793695,1.0715149491099374
POU3F4,1.222745918833861,1.2082738862253266,1.196845190401704,1.1883585765243854
HOXD10,1.051663180557206,1.2169319489684411,1.0994710263765277,1.0665149386932318
HNF1A,1.2140375909420769,0.7913800822935394,0.7782096191037944,0.7325395822706061
CRX,0.6602189206909799,0.9897386379973112,1.2140375909420769,0.8992690443047244
CEBPB,1.177153977511522,1.2111515860529418,0.7095906492850613,0.969166483922103
NKX2-5,1.10463899653497,1.2054044437973737,1.177153977511522,1.1605790124173094
HOXB7,1.1496797219592738,1.2025432115163417,1.12823117855179,1.136220568585269
HOXA13,1.0866667541305397,1.196845190401704,1.1415825117266545,1.1255821703802134
SOX3,1.196845190401704,0.9512287832354357,0.7236506348533601,0.9120080700821543
NFATC4,1.13355034002939,1.1940083090665043,1.112441376819155,1.112441376819155
SOX6,1.1799433795991006,0.942379167958453,0.714840005171205,0.901380977507868
POU3F2,1.1605790124173094,1.1799433795991006,1.1496797219592738,1.1523934278308698
AR,1.0467612099569994,1.177153977511522,1.0968970223813548,1.1176769908731001
ZSCAN29,1.0541232063980683,0.7652103645601547,1.174372334549645,0.656902168064986
POU1F1,1.1551145179452307,1.1715984076669201,1.144274303392366,1.144274303392366
RXRG,0.8579408488118785,1.16883215417403,1.0060370197304307,0.9357929751055962
FOXI3,1.1660735317349502,0.656902168064986,0.6922891796493085,0.6786603485937028
SRY,1.094329626876109,1.1229401609173748,1.1633224983630603,1.1308872226099065
ZBTB45,0.7415082522533665,1.144274303392366,0.9292498765166602,0.6552479079689596
ZBTB44,0.985130334911117,1.0994710263765277,0.8908656335083451,1.1415825117266545
CDX2,0.9897386379973112,1.1388979463559854,0.9759769529246296,0.942379167958453
NR2E1,1.1388979463559854,0.8887757685888857,0.8971615619651598,0.8559186034311107
BCL11B,1.0917688060144353,0.9646518035675762,0.7307554604771046,1.13355034002939
TAL1,0.942379167958453,0.9759769529246296,1.1229401609173748,0.9759769529246296
ALX3,0.6618814314645933,1.1203051132793695,0.6535963799304865,0.6769697311157952
RXRA,1.1176769908731001,0.980543170904211,0.8008949019348781,1.1203051132793695
ZIM3,0.9646518035675762,1.1150557573932258,0.8950585117683811,0.8458682675776091
POU5F1B,1.001353170418004,1.112441376819155,1.0443192063014475,1.0131041869535231
JDP2,0.6922891796493085,0.6957256091478897,1.109833813412074,0.7433116792525171
ASCL1,1.0083871970753842,1.0665149386932318,1.107233031712017,1.0892145262093385
MLXIP,1.0690118188918192,1.0968970223813548,0.7397080717492187,0.8783914592831693
SOX9,0.937983556485415,1.094329626876109,0.9669065959546653,0.9579177713862321
FOXA2,0.8299949184213191,1.081590601098679,0.985130334911117,0.916290731874155
SNAI2,1.0131041869535231,0.9990194470717839,0.9579177713862321,1.0790621547453205
NKX2-2,0.980543170904211,1.0202216547223868,1.0615398040531179,1.0765400853126106
GATA6,0.9292498765166602,1.0370287730387684,1.0690118188918192,0.9669065959546653
TBPL2,0.795175153262091,1.0615398040531179,0.9534534782575467,0.8518863399031723
HNF4A,0.8539004392748735,1.059061488038651,0.8143696005182381,0.8105011237403178
ZFP28,1.056589298893262,1.034610392174487,1.015471051963789,0.994368275896053
GATA4,0.9828341226507666,0.985130334911117,1.0492091915956392,0.9467941861675699
ESR1,0.7932758174584387,0.7670570871533196,0.8579408488118785,1.0418831515035665
OLIG2,1.0394530166502745,0.7875993594536336,0.72897451610611,0.7095906492850613
MYOD1,0.8971615619651598,0.9579177713862321,0.9556831335848157,1.0394530166502745
KDM2A,0.9601574139797369,0.9920507777556906,1.0394530166502745,0.7469283197227056
FOXA1,0.9357929751055962,1.0083871970753842,1.0249949334750446,1.0370287730387684
GATA2,0.9184389604124448,0.9624020838335609,1.0321978457691028,0.8539004392748735
FOXE1,1.0249949334750446,0.6905753831715739,0.8379000979284325,0.8124334914913719
OLIG3,1.0226054460776632,0.7689072264414809,0.6957256091478897,0.6820501823482144
CREBZF,0.7633670460658655,0.9077436712956967,1.0178435323174195,0.985130334911117
PBX1,0.9534534782575467,1.0131041869535231,0.971431490552955,0.9874318318993961
PHOX2B,0.9669065959546653,1.0060370197304307,0.973701639087494,0.980543170904211
TERF2,0.9966911573121928,0.6652147678843515,0.9646518035675762,0.6635467107836546
FOXF1,0.8008949019348781,0.7505580877732844,0.9966911573121928,0.9490090264971226
CPEB1,0.8047263242464341,0.9966911573121928,0.8887757685888857,0.7970781034081773
GATA5,0.868113876524929,0.994368275896053,0.9601574139797369,0.8280283494492782
ATOH1,0.8339396967123355,0.8763274750623179,0.9512287832354357,0.9828341226507666
TBX21,0.6652147678843515,0.6618814314645933,0.6786603485937028,0.9782574556233548
NKX2-1,0.7838328766581567,0.973701639087494,0.9184389604124448,0.7397080717492187
HOXB13,0.8418762463080717,0.9669065959546653,0.7415082522533665,0.8379000979284325
ETV4,0.9579177713862321,0.9357929751055962,0.922749311913567,0.9292498765166602
FEZF1,0.8825322519492007,0.9490090264971226,0.916290731874155,0.9098735975535216
ZBTB11,0.7857143447578621,0.7095906492850613,0.9401789470488505,0.6519475749403028
POU4F3,0.9077436712956967,0.849876288975148,0.8559186034311107,0.9401789470488505
TLX3,0.7254221145017421,0.937983556485415,0.7670570871533196,0.7689072264414809
POU4F2,0.8722122429172113,0.8359179367244411,0.8028087781171622,0.933607181885616
GATA1,0.8599671919571108,0.795175153262091,0.933607181885616,0.8908656335083451
DLX3,0.8783914592831693,0.933607181885616,0.9098735975535216,0.9141471083309036
HOXC10,0.8619976495074928,0.9270783230031525,0.8660709748951286,0.8660709748951286
MYOG,0.8438702649149362,0.8929598751114598,0.924911474918062,0.8950585117683811
FOXR2,0.8950585117683811,0.8458682675776091,0.8124334914913719,0.922749311913567
PGR,0.7560275635778198,0.9205918137735456,0.8398861959000617,0.7989846816787588
FOXA3,0.7343268928447018,0.7615271191438583,0.9205918137735456,0.9056182719833833
TP73,0.6957256091478897,0.9184389604124448,0.8866902620978645,0.8299949184213191
FOXO6,0.8398861959000617,0.8518863399031723,0.9141471083309036,0.8640322382052804
SIX1,0.9141471083309036,0.8660709748951286,0.8742677420993072,0.8047263242464341
FOXN2,0.8929598751114598,0.7043687053039097,0.9120080700821543,0.72897451610611
ZSCAN31,0.6719149604541712,0.9120080700821543,0.8929598751114598,0.7542010790517855
NFE2,0.7325395822706061,0.9056182719833833,0.9034973804142455,0.7113373746200031
ELF3,0.9056182719833833,0.8742677420993072,0.8763274750623179,0.8887757685888857
PDX1,0.8559186034311107,0.8804597123472282,0.901380977507868,0.8929598751114598
SOX8,0.8908656335083451,0.901380977507868,0.8241067757960965,0.8846090958940398
HOXC9,0.7095906492850613,0.8992690443047244,0.656902168064986,0.7009024973274235
HESX1,0.849876288975148,0.8971615619651598,0.8319653624086177,0.8722122429172113
POU4F1,0.8846090958940398,0.8319653624086177,0.816309465336065,0.8763274750623179
PRRX2,0.816309465336065,0.8846090958940398,0.8640322382052804,0.8398861959000617
NR1H4,0.8105011237403178,0.8825322519492007,0.8478702702482823,0.8260656402814295
PROP1,0.8804597123472282,0.8066475544243279,0.776342204928999,0.8066475544243279
POU2F3,0.8742677420993072,0.8143696005182381,0.7932758174584387,0.8701609601466538
FOXQ1,0.6803538291000357,0.6854515461717046,0.8722122429172113,0.868113876524929
TBX20,0.8241067757960965,0.8722122429172113,0.868113876524929,0.7726178058380165
ZBTB1,0.8701609601466538,0.868113876524929,0.8619976495074928,0.8579408488118785
MECOM,0.7913800822935394,0.8599671919571108,0.7894879341415016,0.7932758174584387
MAFA,0.8085724828339123,0.7782096191037944,0.8539004392748735,0.8359179367244411
SP8,0.8518863399031723,0.72897451610611,0.7113373746200031,0.770760795090804
NKX2-8,0.6991738884268057,0.721882287796618,0.849876288975148,0.6803538291000357
IRX6,0.8478702702482823,0.8418762463080717,0.8458682675776091,0.7857143447578621
MEIS1,0.8280283494492782,0.8398861959000617,0.8047263242464341,0.7782096191037944
TBX3,0.714840005171205,0.7061063252024506,0.8359179367244411,0.7307554604771046
HOXC4,0.7433116792525171,0.8260656402814295,0.757857390254896,0.7505580877732844
RARB,0.6702356989344512,0.8241067757960965,0.7989846816787588,0.6854515461717046
CEBPD,0.7819549418339564,0.7236506348533601,0.6820501823482144,0.8221517409602932
EHF,0.8221517409602932,0.770760795090804,0.7451183644774662,0.737911126072517
HOXC12,0.7615271191438583,0.8202005208290315,0.7652103645601547,0.7633670460658655
LHX6,0.7652103645601547,0.7932758174584387,0.7970781034081773,0.8182531005446358
PTF1A,0.7542010790517855,0.7894879341415016,0.8182531005446358,0.8085724828339123
PAX4,0.8143696005182381,0.8182531005446358,0.737911126072517,0.776342204928999
NR2F1,0.72897451610611,0.7726178058380165,0.7875993594536336,0.8143696005182381
SOX14,0.757857390254896,0.8124334914913719,0.7615271191438583,0.7652103645601547
BHLHA15,0.6769697311157952,0.7560275635778198,0.8105011237403178,0.7875993594536336
HOXD9,0.776342204928999,0.8047263242464341,0.7433116792525171,0.7596905713365568
PITX2,0.8028087781171622,0.8028087781171622,0.795175153262091,0.7819549418339564
TEAD4,0.7505580877732844,0.7633670460658655,0.7254221145017421,0.8008949019348781
DLX4,0.7026340994917015,0.7989846816787588,0.7009024973274235,0.71659593187347
HOXB5,0.71659593187347,0.7970781034081773,0.7026340994917015,0.7615271191438583
FOXL1,0.7183549472786496,0.7343268928447018,0.6974482624593359,0.795175153262091
TBX5,0.7130871563437907,0.683749418101174,0.7913800822935394,0.714840005171205
FEZF2,0.720117062272049,0.7838328766581567,0.721882287796618,0.7361174036184901
SPDEF,0.7782096191037944,0.7487415568468866,0.7271967378601105,0.7236506348533601
ZSCAN4,0.6635467107836546,0.7744782714909362,0.7726178058380165,0.6871565764227883
ZIC3,0.7726178058380165,0.7397080717492187,0.7078469696802345,0.6735970466371559
NHLH2,0.7689072264414809,0.7523779244902704,0.7343268928447018,0.7670570871533196
VSX1,0.7487415568468866,0.757857390254896,0.7633670460658655,0.7560275635778198
PITX3,0.7236506348533601,0.7596905713365568,0.6719149604541712,0.6888645187679443
ESRRB,0.737911126072517,0.6888645187679443,0.7542010790517855,0.7415082522533665
DMRT2,0.7061063252024506,0.7542010790517855,0.6652147678843515,0.7026340994917015
CREB3L2,0.7271967378601105,0.7183549472786496,0.7487415568468866,0.6535963799304865
HOXC11,0.683749418101174,0.7469283197227056,0.6618814314645933,0.6991738884268057
BARX1,0.6854515461717046,0.7451183644774662,0.683749418101174,0.6685592526071988
SOX21,0.7397080717492187,0.7361174036184901,0.7043687053039097,0.720117062272049
ARX,0.6905753831715739,0.737911126072517,0.6888645187679443,0.7271967378601105
LMX1B,0.7361174036184901,0.714840005171205,0.6552479079689596,0.7183549472786496
LBX2,0.7307554604771046,0.7113373746200031,0.6602189206909799,0.6957256091478897
FOXJ1,0.6685592526071988,0.6786603485937028,0.6871565764227883,0.7254221145017421
SOX5,0.721882287796618,0.6719149604541712,0.6635467107836546,0.6905753831715739
KLF8,0.694005918268363,0.694005918268363,0.720117062272049,0.7078469696802345
VSX2,0.6974482624593359,0.6974482624593359,0.7130871563437907,0.7130871563437907
ISL1,0.6871565764227883,0.6702356989344512,0.6752819670020755,0.7043687053039097
NEUROD1,0.7043687053039097,0.6922891796493085,0.6803538291000357,0.6974482624593359
FOXI2,0.6552479079689596,0.6602189206909799,0.694005918268363,0.683749418101174
HMX2,0.6735970466371559,0.6535963799304865,0.6854515461717046,0.694005918268363
HMX1,0.6668856120491693,0.6668856120491693,0.6519475749403028,0.6719149604541712
TFAP2E,1.6714046361833004,0.9874318318993961,0.9601574139797369,1.0297911057385378
ZKSCAN3,1.2859248204553928,1.6668488196474394,1.0866667541305397,1.0226054460776632
E4F1,1.112441376819155,0.9990194470717839,1.1883585765243854,1.3401645893923895
GLIS3,1.2054044437973737,0.9646518035675762,0.9141471083309036,0.9314261559392559
KLF11,1.136220568585269,0.9077436712956967,1.1388979463559854,1.0917688060144353
SP9,1.0892145262093385,1.107233031712017,1.1255821703802134,1.0994710263765277
SP7,1.0060370197304307,1.0790621547453205,1.0615398040531179,1.0443192063014475
GLIS1,1.051663180557206,1.0715149491099374,1.0202216547223868,0.9828341226507666
SALL4,1.0226054460776632,1.0418831515035665,1.0467612099569994,1.0492091915956392
ZBTB12,0.9669065959546653,1.0492091915956392,0.9579177713862321,0.9467941861675699
FEV,0.933607181885616,0.9966911573121928,0.916290731874155,0.980543170904211
KLF17,0.9512287832354357,0.9534534782575467,0.9184389604124448,0.9357929751055962
LYL1,0.8085724828339123,0.8047263242464341,1.5270868772722808,0.8085724828339123
FOXK2,0.8066475544243279,1.0917688060144353,1.109833813412074,1.411502127838595
GLI1,0.8539004392748735,1.3047341524128888,0.9056182719833833,0.8701609601466538
GLI3,0.8763274750623179,0.924911474918062,0.942379167958453,0.9445842405167669
GLI2,0.9184389604124448,0.922749311913567,0.9034973804142455,0.9357929751055962
GMEB1,0.8887757685888857,0.9056182719833833,0.9098735975535216,0.8722122429172113
PAX7,0.8299949184213191,0.8640322382052804,0.8722122429172113,0.8398861959000617
ZBTB7C,0.8182531005446358,0.8478702702482823,0.8241067757960965,0.868113876524929
